{
  "iris_mar": {
    "df": 3,
    "p_value": 2.16103010242108e-06,
    "statistic": 29.073649344534743
  },
  "nhanes": {
    "df": 8,
    "p_value": 4.74925954119243e-09,
    "statistic": 54.83685083912178
  },
  "ozone": {
    "df": 18,
    "p_value": 0.40144607542633504,
    "statistic": 18.844680869297704
  }
}
